"Manufacturer","name","Model"
"No info","40W3FH2			","No info"
"No info","DESKTOP-KRAVIDP			","No info"
"No info","DESKTOP-UH2SION			","No info"
"No info","DEWSBURYCCTV			","No info"
"No info","EMPC			","No info"
"No info","FINANCE1			","No info"
"No info","HEMEL2			","No info"
"No info","MIIX01			","No info"
"No info","NEXUS25			","No info"
"No info","NEXUS26						","No info"
"No info","POOL22			","No info"
"No info","POOL23			","No info"
"No info","POOL24			","No info"
"No info","PWSQL			","No info"
"No info","REDHILL			","No info"
"No info","SVS-AS			","No info"
"No info","TESTVENUS			","No info"
"No info","WARRINGTONCCTV			","No info"
"No info","WOL-001			","No info"
"No info","WOLV-HVR			","No info"
"No info","WOODLANE			","No info"
"No info","WS014			","No info"
"No info","WS060			","No info"
"No info","WS102			","No info"
"No info","WS1102			","No info"
"No info","WS1104			","No info"
"No info","WS1105			","No info"
"No info","WS1106			","No info"
"No info","WS1107			","No info"
"No info","WS1109			","No info"
"No info","WS139			","No info"
"No info","WS1405			","No info"
"No info","WS156			","No info"
"No info","WS170			","No info"
"No info","WS1700			","No info"
"No info","WS1701			","No info"
"No info","WS1702			","No info"
"No info","WS1703			","No info"
"No info","WS1704			","No info"
"No info","WS1705			","No info"
"No info","WS1706			","No info"
"No info","WS1707			","No info"
"No info","WS1708			","No info"
"No info","WS1709			","No info"
"No info","WS171			","No info"
"No info","WS175			","No info"
"No info","WS404			","No info"
"No info","WS4054			","No info"
"No info","WS4055			","No info"
"No info","WS4059			","No info"
"No info","WS4063			","No info"
"No info","WS4064			","No info"
"No info","WS4066			","No info"
"No info","WS4067			","No info"
"No info","WS4068			","No info"
"No info","WS4069			","No info"
"No info","WS4071			","No info"
"No info","WS4074			","No info"
"No info","WS4080			","No info"
"No info","WS4082			","No info"
"No info","WS4084			","No info"
"No info","WS4086			","No info"
"No info","WS4089			","No info"
"No info","WS4090			","No info"
"No info","WS4091			","No info"
"No info","WS4092			","No info"
"No info","WS4093			","No info"
"No info","WS4096			","No info"
"No info","WS4097			","No info"
"No info","WS4098			","No info"
"No info","WS4100			","No info"
"No info","WS4101			","No info"
"No info","WS4102			","No info"
"No info","WS4103			","No info"
"No info","WS4104			","No info"
"No info","WS4105			","No info"
"No info","WS4106			","No info"
"No info","WS4107			","No info"
"No info","WS4109			","No info"
"No info","WS4111			","No info"
"No info","WS4112			","No info"
"No info","WS600			","No info"
"No info","WS704			","No info"
"No info","ZERTON4			","No info"
"No info","WS4108","No info"
"No info","PC086			","No info"
"No info","PC475			","No info"
"No info","POOL3			","No info"
"No info","TC04			","No info"
"No info","TC05			","No info"
"No info","TC08			","No info"
"No info","TC14			","No info"
"No info","WS055			","No info"
"No info","WS088			","No info"
"No info","WS089			","No info"
"No info","WS1002			","No info"
"No info","WS106			","No info"
"No info","WS1103			","No info"
"No info","WS130			","No info"
"No info","WS136			","No info"
"No info","WS1401			","No info"
"No info","WS1407			","No info"
"No info","WS159			","No info"
"No info","WS160			","No info"
"No info","WS172			","No info"
"No info","WS176			","No info"
"No info","WS1804			","No info"
"No info","WS1805			","No info"
"No info","WS4030			","No info"
"No info","WS4038			","No info"
"No info","WS4039			","No info"
"No info","WS4040			","No info"
"No info","WS4041			","No info"
"No info","WS4043			","No info"
"No info","WS4044			","No info"
"No info","WS4061			","No info"
"No info","WS407			","No info"
"No info","WS4079			","No info"
"No info","WS4094			","No info"
"No info","WS4126			","No info"
"No info","WS475			","No info"
"No info","WS477			","No info"
"No info","WS483			","No info"
"No info","WS707			","No info"
"No info","WS708			","No info"
"No info","WS900			","No info"
"No info","WS4075			","No info"
"No info","			","No info"
"No info","40W3FH2			","No info"
"No info","DESKTOP-KRAVIDP			","No info"
"No info","DESKTOP-UH2SION			","No info"
"No info","DEWSBURYCCTV			","No info"
"No info","EMPC			","No info"
"No info","FINANCE1			","No info"
"No info","HEMEL2			","No info"
"No info","MIIX01			","No info"
"No info","NEXUS25			","No info"
"No info","NEXUS26						","No info"
"No info","POOL22			","No info"
"No info","POOL23			","No info"
"No info","POOL24			","No info"
"No info","PWSQL			","No info"
"No info","REDHILL			","No info"
"No info","SVS-AS			","No info"
"No info","TESTVENUS			","No info"
"No info","WARRINGTONCCTV			","No info"
"No info","WOL-001			","No info"
"No info","WOLV-HVR			","No info"
"No info","WOODLANE			","No info"
"No info","WS014			","No info"
"No info","WS060			","No info"
"No info","WS102			","No info"
"No info","WS1102			","No info"
"No info","WS1104			","No info"
"No info","WS1105			","No info"
"No info","WS1106			","No info"
"No info","WS1107			","No info"
"No info","WS1109			","No info"
"No info","WS139			","No info"
"No info","WS1405			","No info"
"No info","WS156			","No info"
"No info","WS170			","No info"
"No info","WS1700			","No info"
"No info","WS1701			","No info"
"No info","WS1702			","No info"
"No info","WS1703			","No info"
"No info","WS1704			","No info"
"No info","WS1705			","No info"
"No info","WS1706			","No info"
"No info","WS1707			","No info"
"No info","WS1708			","No info"
"No info","WS1709			","No info"
"No info","WS171			","No info"
"No info","WS175			","No info"
"No info","WS404			","No info"
"No info","WS4054			","No info"
"No info","WS4055			","No info"
"No info","WS4059			","No info"
"No info","WS4063			","No info"
"No info","WS4064			","No info"
"No info","WS4066			","No info"
"No info","WS4067			","No info"
"No info","WS4068			","No info"
"No info","WS4069			","No info"
"No info","WS4071			","No info"
"No info","WS4074			","No info"
"No info","WS4080			","No info"
"No info","WS4082			","No info"
"No info","WS4084			","No info"
"No info","WS4086			","No info"
"No info","WS4089			","No info"
"No info","WS4090			","No info"
"No info","WS4091			","No info"
"No info","WS4092			","No info"
"No info","WS4093			","No info"
"No info","WS4096			","No info"
"No info","WS4097			","No info"
"No info","WS4098			","No info"
"No info","WS4100			","No info"
"No info","WS4101			","No info"
"No info","WS4102			","No info"
"No info","WS4103			","No info"
"No info","WS4104			","No info"
"No info","WS4105			","No info"
"No info","WS4106			","No info"
"No info","WS4107			","No info"
"No info","WS4109			","No info"
"No info","WS4111			","No info"
"No info","WS4112			","No info"
"No info","WS600			","No info"
"No info","WS704			","No info"
"No info","ZERTON4			","No info"
"No info","WS4108","No info"
"No info","PC086			","No info"
"No info","PC475			","No info"
"No info","POOL3			","No info"
"No info","TC04			","No info"
"No info","TC05			","No info"
"No info","TC08			","No info"
"No info","TC14			","No info"
"No info","WS055			","No info"
"No info","WS088			","No info"
"No info","WS089			","No info"
"No info","WS1002			","No info"
"No info","WS106			","No info"
"No info","WS1103			","No info"
"No info","WS130			","No info"
"No info","WS136			","No info"
"No info","WS1401			","No info"
"No info","WS1407			","No info"
"No info","WS159			","No info"
"No info","WS160			","No info"
"No info","WS172			","No info"
"No info","WS176			","No info"
"No info","WS1804			","No info"
"No info","WS1805			","No info"
"No info","WS4030			","No info"
"No info","WS4038			","No info"
"No info","WS4039			","No info"
"No info","WS4040			","No info"
"No info","WS4041			","No info"
"No info","WS4043			","No info"
"No info","WS4044			","No info"
"No info","WS4061			","No info"
"No info","WS407			","No info"
"No info","WS4079			","No info"
"No info","WS4094			","No info"
"No info","WS4126			","No info"
"No info","WS475			","No info"
"No info","WS477			","No info"
"No info","WS483			","No info"
"No info","WS707			","No info"
"No info","WS708			","No info"
"No info","WS900			","No info"
"No info","WS4075			","No info"
"No info","			","No info"
